HS2,HS2 ID,Section,Section ID,Trade Value,Year
Live animals,101,Animal Products,1,5422344,2012
Meat & edible offal,102,Animal Products,1,29028801,2012
"Fish, crustaceans, & molluscs",103,Animal Products,1,86858912,2012
"Edible products of animal origin, n.e.s.",104,Animal Products,1,12855435,2012
"Animal originated products, n.e.s.",105,Animal Products,1,1253498,2012
"Live trees, plants, bulbs, cut flowers, & ornamental foliage",206,Vegetable Products,2,668587569,2012
"Edible vegetables, roots, & tubers",207,Vegetable Products,2,244770853,2012
"Edible fruits, nuts & fruit peels",208,Vegetable Products,2,111691840,2012
"Coffee, tea, mate & spices",209,Vegetable Products,2,1313111446,2012
Cereals,210,Vegetable Products,2,11708645,2012
Products of the milling industry,211,Vegetable Products,2,7502736,2012
"Oils seeds, oleaginous fruits, grains, straw & fodder",212,Vegetable Products,2,51133861,2012
"Natural gums, resins & other vegetable extracts",213,Vegetable Products,2,3680600,2012
"Vegetable plaiting materials & products, n.e.s.",214,Vegetable Products,2,83443,2012
"Animal or vegetable fats, oils, & waxes",315,Animal and Vegetable Bi-Products,3,66038164,2012
"Preparations of fish, crustacenas, & molluscs",416,Foodstuffs,4,36033677,2012
Sugars & confectioneries,417,Foodstuffs,4,33506325,2012
Cocoa & cocoa preparations,418,Foodstuffs,4,4417273,2012
"Preparations of cereals, flour, starch or milk",419,Foodstuffs,4,5538864,2012
"Preparations of vegetables, fruit, nuts or other plant parts",420,Foodstuffs,4,104189715,2012
Miscellaneous edible preparations,421,Foodstuffs,4,51718829,2012
"Beverages, spirits, & vinegar",422,Foodstuffs,4,55102037,2012
Food residues & wastes; animal fodder,423,Foodstuffs,4,11214074,2012
Tobacco & substitutes,424,Foodstuffs,4,145518321,2012
"Salt, sulphur, cement, lime, stone, & plaster",525,Mineral Products,5,132711526,2012
"Ores, slag and ash",526,Mineral Products,5,9326135,2012
"Mineral fuels, mineral oils and products of their distillation",527,Mineral Products,5,254147511,2012
Inorganic chemicals,628,Chemical Products,6,107458622,2012
Organic chemicals,629,Chemical Products,6,10071193,2012
Pharmaceutical products,630,Chemical Products,6,86772106,2012
Fertilizers,631,Chemical Products,6,16269918,2012
"Paints, dyes, & varnishes",632,Chemical Products,6,12812010,2012
Perfumery & cosmetics,633,Chemical Products,6,12397551,2012
"Soap, cleaners, candles, dental, modelling pastes",634,Chemical Products,6,78881482,2012
"Glues, starches, & albuminoid products",635,Chemical Products,6,2765157,2012
"Explosives, matches, & fireworks",636,Chemical Products,6,597523,2012
Photo & movie goods,637,Chemical Products,6,975592,2012
Chemical products n.e.s.,638,Chemical Products,6,16871339,2012
Plastics & articles thereof,739,Plastics and Rubbers,7,125126903,2012
Rubber & articles thereof,740,Plastics and Rubbers,7,11468070,2012
Raw hides & skin (non-fur),841,Animal Hides,8,114016527,2012
Leather articles,842,Animal Hides,8,2530358,2012
"Furskins, articifial fur, & articles",843,Animal Hides,8,85457,2012
"Wood, wood articles, & charcoal",944,Wood Products,9,7665687,2012
Cork & cork articles,945,Wood Products,9,8602,2012
Straw & esparto manufactures,946,Wood Products,9,1412195,2012
Wood pulp & paper scrap,1047,Paper Goods,10,3019820,2012
Paper articles,1048,Paper Goods,10,47203464,2012
"Books, newspapers, & other prints",1049,Paper Goods,10,26068741,2012
Silk,1150,Textiles,11,737,2012
Wool & animal hair,1151,Textiles,11,3594982,2012
Cotton,1152,Textiles,11,6329305,2012
"Vegetable textile fibers, paper yarn & fabrics",1153,Textiles,11,21226642,2012
Man-made filaments,1154,Textiles,11,852045,2012
Man-made staple fibres,1155,Textiles,11,4425015,2012
"Wadding, felt, nonwovens, twin, ropes, & articles thereof",1156,Textiles,11,4046539,2012
Carpets & textile floor covers,1157,Textiles,11,269949,2012
Special woven fabrics and tapestries,1158,Textiles,11,499248,2012
"Coated, covered, & laminated fabrics for industrial use",1159,Textiles,11,291068,2012
Knitted fabrics,1160,Textiles,11,466916,2012
Knitted clothing accesories,1161,Textiles,11,127453007,2012
Non-knitted clothing accesories,1162,Textiles,11,149472730,2012
Used clothes & textile articles,1163,Textiles,11,12589292,2012
Footwear,1264,Footwear and Headwear,12,22436560,2012
Headgear,1265,Footwear and Headwear,12,278289,2012
"Umbrellas, walking sticks, & whips",1266,Footwear and Headwear,12,181178,2012
"Feather articles, feathers, artificial flowers, & articles of human hair",1267,Footwear and Headwear,12,4767135,2012
"Stone, plaster, cement, asbestos, mica.",1368,Stone And Glass,13,3295909,2012
Ceramic products,1369,Stone And Glass,13,4281298,2012
Glass & glassware,1370,Stone And Glass,13,17368675,2012
"Precious stones, metals, & pearls",1471,Precious Metals,14,196967554,2012
Iron & steel,1572,Metals,15,85621572,2012
Iron or steel articles,1573,Metals,15,34997838,2012
Copper articles,1574,Metals,15,32686371,2012
Nickel articles,1575,Metals,15,11561,2012
Aluminum articles,1576,Metals,15,28816288,2012
Lead articles,1578,Metals,15,1987601,2012
Zinc articles,1579,Metals,15,888966,2012
Tin articles,1580,Metals,15,168933,2012
Cermet articles,1581,Metals,15,1076960,2012
Tools & cutlery,1582,Metals,15,1466120,2012
Miscellaneous metal products,1583,Metals,15,14939147,2012
"Machinery, mechanical appliances, & parts",1684,Machines,16,136327537,2012
Electrical machinery and electronics,1685,Machines,16,67287620,2012
Railway and trams,1786,Transportation,17,577076,2012
"Cars, tractors, trucks & parts thereof.",1787,Transportation,17,64769122,2012
Aircraft and spacecraft,1788,Transportation,17,5556938,2012
"Ships, boats, & floating structures",1789,Transportation,17,128535967,2012
"Optical, photo, & film equipment; medical instruments",1890,Instruments,18,15328649,2012
"Clocks, watches, & parts",1891,Instruments,18,124443,2012
Musical instruments,1892,Instruments,18,74320,2012
Weapons,1993,Weapons,19,1527574,2012
"Furniture, bedding, lamps, & prefab buildings",2094,Miscellaneous,20,12156493,2012
"Toys, games, & sports",2095,Miscellaneous,20,12960887,2012
Misc. manufactures,2096,Miscellaneous,20,8793573,2012
Art & antiques,2197,Arts and Antiques,21,1659069,2012
Live animals,101,Animal Products,1,5868554,2013
Meat & edible offal,102,Animal Products,1,24290796,2013
"Fish, crustaceans, & molluscs",103,Animal Products,1,68552752,2013
"Edible products of animal origin, n.e.s.",104,Animal Products,1,21881229,2013
"Animal originated products, n.e.s.",105,Animal Products,1,4074461,2013
"Live trees, plants, bulbs, cut flowers, & ornamental foliage",206,Vegetable Products,2,555919450,2013
"Edible vegetables, roots, & tubers",207,Vegetable Products,2,239288422,2013
"Edible fruits, nuts & fruit peels",208,Vegetable Products,2,92293262,2013
"Coffee, tea, mate & spices",209,Vegetable Products,2,1430707146,2013
Cereals,210,Vegetable Products,2,18600665,2013
Products of the milling industry,211,Vegetable Products,2,7959881,2013
"Oils seeds, oleaginous fruits, grains, straw & fodder",212,Vegetable Products,2,30966869,2013
"Natural gums, resins & other vegetable extracts",213,Vegetable Products,2,3914014,2013
"Vegetable plaiting materials & products, n.e.s.",214,Vegetable Products,2,38090436,2013
"Animal or vegetable fats, oils, & waxes",315,Animal and Vegetable Bi-Products,3,125003582,2013
"Preparations of fish, crustacenas, & molluscs",416,Foodstuffs,4,14215902,2013
Sugars & confectioneries,417,Foodstuffs,4,62857314,2013
Cocoa & cocoa preparations,418,Foodstuffs,4,6486578,2013
"Preparations of cereals, flour, starch or milk",419,Foodstuffs,4,9733899,2013
"Preparations of vegetables, fruit, nuts or other plant parts",420,Foodstuffs,4,158986377,2013
Miscellaneous edible preparations,421,Foodstuffs,4,40270953,2013
"Beverages, spirits, & vinegar",422,Foodstuffs,4,88947841,2013
Food residues & wastes; animal fodder,423,Foodstuffs,4,13068079,2013
Tobacco & substitutes,424,Foodstuffs,4,175707641,2013
"Salt, sulphur, cement, lime, stone, & plaster",525,Mineral Products,5,166075355,2013
"Ores, slag and ash",526,Mineral Products,5,10722638,2013
"Mineral fuels, mineral oils and products of their distillation",527,Mineral Products,5,362765179,2013
Inorganic chemicals,628,Chemical Products,6,177078814,2013
Organic chemicals,629,Chemical Products,6,10879368,2013
Pharmaceutical products,630,Chemical Products,6,86612301,2013
Fertilizers,631,Chemical Products,6,20348931,2013
"Paints, dyes, & varnishes",632,Chemical Products,6,23992640,2013
Perfumery & cosmetics,633,Chemical Products,6,23676198,2013
"Soap, cleaners, candles, dental, modelling pastes",634,Chemical Products,6,114605635,2013
"Glues, starches, & albuminoid products",635,Chemical Products,6,5452054,2013
"Explosives, matches, & fireworks",636,Chemical Products,6,1365740,2013
Photo & movie goods,637,Chemical Products,6,428233,2013
Chemical products n.e.s.,638,Chemical Products,6,16393569,2013
Plastics & articles thereof,739,Plastics and Rubbers,7,171914007,2013
Rubber & articles thereof,740,Plastics and Rubbers,7,41624390,2013
Raw hides & skin (non-fur),841,Animal Hides,8,109193340,2013
Leather articles,842,Animal Hides,8,2901788,2013
"Furskins, articifial fur, & articles",843,Animal Hides,8,125557,2013
"Wood, wood articles, & charcoal",944,Wood Products,9,39717751,2013
Cork & cork articles,945,Wood Products,9,13997,2013
Straw & esparto manufactures,946,Wood Products,9,1443510,2013
Wood pulp & paper scrap,1047,Paper Goods,10,1954753,2013
Paper articles,1048,Paper Goods,10,83023876,2013
"Books, newspapers, & other prints",1049,Paper Goods,10,34823865,2013
Silk,1150,Textiles,11,15462,2013
Wool & animal hair,1151,Textiles,11,6181317,2013
Cotton,1152,Textiles,11,6957029,2013
"Vegetable textile fibers, paper yarn & fabrics",1153,Textiles,11,39041871,2013
Man-made filaments,1154,Textiles,11,1579849,2013
Man-made staple fibres,1155,Textiles,11,10326606,2013
"Wadding, felt, nonwovens, twin, ropes, & articles thereof",1156,Textiles,11,4374895,2013
Carpets & textile floor covers,1157,Textiles,11,208631,2013
Special woven fabrics and tapestries,1158,Textiles,11,1573230,2013
"Coated, covered, & laminated fabrics for industrial use",1159,Textiles,11,526458,2013
Knitted fabrics,1160,Textiles,11,510115,2013
Knitted clothing accesories,1161,Textiles,11,155903410,2013
Non-knitted clothing accesories,1162,Textiles,11,147393043,2013
Used clothes & textile articles,1163,Textiles,11,39192248,2013
Footwear,1264,Footwear and Headwear,12,47352058,2013
Headgear,1265,Footwear and Headwear,12,799181,2013
"Umbrellas, walking sticks, & whips",1266,Footwear and Headwear,12,293009,2013
"Feather articles, feathers, artificial flowers, & articles of human hair",1267,Footwear and Headwear,12,12532022,2013
"Stone, plaster, cement, asbestos, mica.",1368,Stone And Glass,13,4361372,2013
Ceramic products,1369,Stone And Glass,13,7108914,2013
Glass & glassware,1370,Stone And Glass,13,26876262,2013
"Precious stones, metals, & pearls",1471,Precious Metals,14,240704637,2013
Iron & steel,1572,Metals,15,155156248,2013
Iron or steel articles,1573,Metals,15,70045742,2013
Copper articles,1574,Metals,15,24812924,2013
Nickel articles,1575,Metals,15,11556,2013
Aluminum articles,1576,Metals,15,58076274,2013
Lead articles,1578,Metals,15,1296323,2013
Zinc articles,1579,Metals,15,1856245,2013
Tin articles,1580,Metals,15,456067,2013
Cermet articles,1581,Metals,15,739427,2013
Tools & cutlery,1582,Metals,15,8081321,2013
Miscellaneous metal products,1583,Metals,15,16797309,2013
"Machinery, mechanical appliances, & parts",1684,Machines,16,116632102,2013
Electrical machinery and electronics,1685,Machines,16,100751738,2013
Railway and trams,1786,Transportation,17,683759,2013
"Cars, tractors, trucks & parts thereof.",1787,Transportation,17,86375681,2013
Aircraft and spacecraft,1788,Transportation,17,14697956,2013
"Ships, boats, & floating structures",1789,Transportation,17,2363915,2013
"Optical, photo, & film equipment; medical instruments",1890,Instruments,18,28600179,2013
"Clocks, watches, & parts",1891,Instruments,18,181093,2013
Musical instruments,1892,Instruments,18,54390,2013
Weapons,1993,Weapons,19,1971933,2013
"Furniture, bedding, lamps, & prefab buildings",2094,Miscellaneous,20,35642435,2013
"Toys, games, & sports",2095,Miscellaneous,20,13639731,2013
Misc. manufactures,2096,Miscellaneous,20,13544111,2013
Art & antiques,2197,Arts and Antiques,21,1821453,2013
Live animals,101,Animal Products,1,6920564,2014
Meat & edible offal,102,Animal Products,1,28387463,2014
"Fish, crustaceans, & molluscs",103,Animal Products,1,85016043,2014
"Edible products of animal origin, n.e.s.",104,Animal Products,1,13473994,2014
"Animal originated products, n.e.s.",105,Animal Products,1,1075554,2014
"Live trees, plants, bulbs, cut flowers, & ornamental foliage",206,Vegetable Products,2,799497488,2014
"Edible vegetables, roots, & tubers",207,Vegetable Products,2,291191811,2014
"Edible fruits, nuts & fruit peels",208,Vegetable Products,2,150918177,2014
"Coffee, tea, mate & spices",209,Vegetable Products,2,1279055600,2014
Cereals,210,Vegetable Products,2,9249214,2014
Products of the milling industry,211,Vegetable Products,2,3280339,2014
"Oils seeds, oleaginous fruits, grains, straw & fodder",212,Vegetable Products,2,41127280,2014
"Natural gums, resins & other vegetable extracts",213,Vegetable Products,2,3686611,2014
"Vegetable plaiting materials & products, n.e.s.",214,Vegetable Products,2,191984,2014
"Animal or vegetable fats, oils, & waxes",315,Animal and Vegetable Bi-Products,3,75124494,2014
"Preparations of fish, crustacenas, & molluscs",416,Foodstuffs,4,36848934,2014
Sugars & confectioneries,417,Foodstuffs,4,40159255,2014
Cocoa & cocoa preparations,418,Foodstuffs,4,3762572,2014
"Preparations of cereals, flour, starch or milk",419,Foodstuffs,4,5406248,2014
"Preparations of vegetables, fruit, nuts or other plant parts",420,Foodstuffs,4,128749455,2014
Miscellaneous edible preparations,421,Foodstuffs,4,51376170,2014
"Beverages, spirits, & vinegar",422,Foodstuffs,4,51732592,2014
Food residues & wastes; animal fodder,423,Foodstuffs,4,14211767,2014
Tobacco & substitutes,424,Foodstuffs,4,101604433,2014
"Salt, sulphur, cement, lime, stone, & plaster",525,Mineral Products,5,134831380,2014
"Ores, slag and ash",526,Mineral Products,5,78645465,2014
"Mineral fuels, mineral oils and products of their distillation",527,Mineral Products,5,730397713,2014
Inorganic chemicals,628,Chemical Products,6,212443036,2014
Organic chemicals,629,Chemical Products,6,6942165,2014
Pharmaceutical products,630,Chemical Products,6,89714326,2014
Fertilizers,631,Chemical Products,6,16271001,2014
"Paints, dyes, & varnishes",632,Chemical Products,6,20249961,2014
Perfumery & cosmetics,633,Chemical Products,6,17486927,2014
"Soap, cleaners, candles, dental, modelling pastes",634,Chemical Products,6,101269868,2014
"Glues, starches, & albuminoid products",635,Chemical Products,6,4738239,2014
"Explosives, matches, & fireworks",636,Chemical Products,6,550986,2014
Photo & movie goods,637,Chemical Products,6,231176,2014
Chemical products n.e.s.,638,Chemical Products,6,18431169,2014
Plastics & articles thereof,739,Plastics and Rubbers,7,114995373,2014
Rubber & articles thereof,740,Plastics and Rubbers,7,13587199,2014
Raw hides & skin (non-fur),841,Animal Hides,8,137968260,2014
Leather articles,842,Animal Hides,8,3250252,2014
"Furskins, articifial fur, & articles",843,Animal Hides,8,238925,2014
"Wood, wood articles, & charcoal",944,Wood Products,9,32685381,2014
Cork & cork articles,945,Wood Products,9,26701,2014
Straw & esparto manufactures,946,Wood Products,9,1962301,2014
Wood pulp & paper scrap,1047,Paper Goods,10,1924820,2014
Paper articles,1048,Paper Goods,10,47899098,2014
"Books, newspapers, & other prints",1049,Paper Goods,10,73284356,2014
Silk,1150,Textiles,11,81551,2014
Wool & animal hair,1151,Textiles,11,4635779,2014
Cotton,1152,Textiles,11,3330123,2014
"Vegetable textile fibers, paper yarn & fabrics",1153,Textiles,11,27422067,2014
Man-made filaments,1154,Textiles,11,612942,2014
Man-made staple fibres,1155,Textiles,11,4680078,2014
"Wadding, felt, nonwovens, twin, ropes, & articles thereof",1156,Textiles,11,2629400,2014
Carpets & textile floor covers,1157,Textiles,11,213675,2014
Special woven fabrics and tapestries,1158,Textiles,11,698633,2014
"Coated, covered, & laminated fabrics for industrial use",1159,Textiles,11,376218,2014
Knitted fabrics,1160,Textiles,11,408568,2014
Knitted clothing accesories,1161,Textiles,11,205662599,2014
Non-knitted clothing accesories,1162,Textiles,11,219440063,2014
Used clothes & textile articles,1163,Textiles,11,12347862,2014
Footwear,1264,Footwear and Headwear,12,26748333,2014
Headgear,1265,Footwear and Headwear,12,449895,2014
"Umbrellas, walking sticks, & whips",1266,Footwear and Headwear,12,297002,2014
"Feather articles, feathers, artificial flowers, & articles of human hair",1267,Footwear and Headwear,12,8284384,2014
"Stone, plaster, cement, asbestos, mica.",1368,Stone And Glass,13,2966793,2014
Ceramic products,1369,Stone And Glass,13,4414295,2014
Glass & glassware,1370,Stone And Glass,13,11683301,2014
"Precious stones, metals, & pearls",1471,Precious Metals,14,43025848,2014
Iron & steel,1572,Metals,15,90946419,2014
Iron or steel articles,1573,Metals,15,41255201,2014
Copper articles,1574,Metals,15,46493546,2014
Nickel articles,1575,Metals,15,14138,2014
Aluminum articles,1576,Metals,15,40562506,2014
Lead articles,1578,Metals,15,2311891,2014
Zinc articles,1579,Metals,15,1457256,2014
Tin articles,1580,Metals,15,152406,2014
Cermet articles,1581,Metals,15,400515,2014
Tools & cutlery,1582,Metals,15,3768501,2014
Miscellaneous metal products,1583,Metals,15,19738938,2014
"Machinery, mechanical appliances, & parts",1684,Machines,16,108200109,2014
Electrical machinery and electronics,1685,Machines,16,63320552,2014
Railway and trams,1786,Transportation,17,2399911,2014
"Cars, tractors, trucks & parts thereof.",1787,Transportation,17,55882174,2014
Aircraft and spacecraft,1788,Transportation,17,37104650,2014
"Ships, boats, & floating structures",1789,Transportation,17,4002846,2014
"Optical, photo, & film equipment; medical instruments",1890,Instruments,18,22465923,2014
"Clocks, watches, & parts",1891,Instruments,18,177123,2014
Musical instruments,1892,Instruments,18,96823,2014
Weapons,1993,Weapons,19,777,2014
"Furniture, bedding, lamps, & prefab buildings",2094,Miscellaneous,20,22236124,2014
"Toys, games, & sports",2095,Miscellaneous,20,15050516,2014
Misc. manufactures,2096,Miscellaneous,20,13519878,2014
Art & antiques,2197,Arts and Antiques,21,1882439,2014
Live animals,101,Animal Products,1,6468779,2015
Meat & edible offal,102,Animal Products,1,29741283,2015
"Fish, crustaceans, & molluscs",103,Animal Products,1,64133196,2015
"Edible products of animal origin, n.e.s.",104,Animal Products,1,6573121,2015
"Animal originated products, n.e.s.",105,Animal Products,1,4685467,2015
"Live trees, plants, bulbs, cut flowers, & ornamental foliage",206,Vegetable Products,2,553382320,2015
"Edible vegetables, roots, & tubers",207,Vegetable Products,2,213397683,2015
"Edible fruits, nuts & fruit peels",208,Vegetable Products,2,151991373,2015
"Coffee, tea, mate & spices",209,Vegetable Products,2,1553407899,2015
Cereals,210,Vegetable Products,2,39980205,2015
Products of the milling industry,211,Vegetable Products,2,3666178,2015
"Oils seeds, oleaginous fruits, grains, straw & fodder",212,Vegetable Products,2,33955955,2015
"Natural gums, resins & other vegetable extracts",213,Vegetable Products,2,6719647,2015
"Vegetable plaiting materials & products, n.e.s.",214,Vegetable Products,2,20930490,2015
"Animal or vegetable fats, oils, & waxes",315,Animal and Vegetable Bi-Products,3,82245616,2015
"Preparations of fish, crustacenas, & molluscs",416,Foodstuffs,4,16212689,2015
Sugars & confectioneries,417,Foodstuffs,4,55929160,2015
Cocoa & cocoa preparations,418,Foodstuffs,4,7381280,2015
"Preparations of cereals, flour, starch or milk",419,Foodstuffs,4,27732681,2015
"Preparations of vegetables, fruit, nuts or other plant parts",420,Foodstuffs,4,141142109,2015
Miscellaneous edible preparations,421,Foodstuffs,4,60136400,2015
"Beverages, spirits, & vinegar",422,Foodstuffs,4,87472013,2015
Food residues & wastes; animal fodder,423,Foodstuffs,4,11210153,2015
Tobacco & substitutes,424,Foodstuffs,4,175307431,2015
"Salt, sulphur, cement, lime, stone, & plaster",525,Mineral Products,5,163471974,2015
"Ores, slag and ash",526,Mineral Products,5,126343112,2015
"Mineral fuels, mineral oils and products of their distillation",527,Mineral Products,5,541464702,2015
Inorganic chemicals,628,Chemical Products,6,136139606,2015
Organic chemicals,629,Chemical Products,6,7123964,2015
Pharmaceutical products,630,Chemical Products,6,119756759,2015
Fertilizers,631,Chemical Products,6,28609195,2015
"Paints, dyes, & varnishes",632,Chemical Products,6,28286675,2015
Perfumery & cosmetics,633,Chemical Products,6,24033001,2015
"Soap, cleaners, candles, dental, modelling pastes",634,Chemical Products,6,82289067,2015
"Glues, starches, & albuminoid products",635,Chemical Products,6,5210679,2015
"Explosives, matches, & fireworks",636,Chemical Products,6,1063673,2015
Photo & movie goods,637,Chemical Products,6,767265,2015
Chemical products n.e.s.,638,Chemical Products,6,28089693,2015
Plastics & articles thereof,739,Plastics and Rubbers,7,164972039,2015
Rubber & articles thereof,740,Plastics and Rubbers,7,15111066,2015
Raw hides & skin (non-fur),841,Animal Hides,8,79329887,2015
Leather articles,842,Animal Hides,8,3226197,2015
"Furskins, articifial fur, & articles",843,Animal Hides,8,89277,2015
"Wood, wood articles, & charcoal",944,Wood Products,9,9171502,2015
Cork & cork articles,945,Wood Products,9,25852,2015
Straw & esparto manufactures,946,Wood Products,9,1895156,2015
Wood pulp & paper scrap,1047,Paper Goods,10,1640824,2015
Paper articles,1048,Paper Goods,10,64514317,2015
"Books, newspapers, & other prints",1049,Paper Goods,10,61387195,2015
Silk,1150,Textiles,11,48150,2015
Wool & animal hair,1151,Textiles,11,6673772,2015
Cotton,1152,Textiles,11,3644139,2015
"Vegetable textile fibers, paper yarn & fabrics",1153,Textiles,11,42270500,2015
Man-made filaments,1154,Textiles,11,1858213,2015
Man-made staple fibres,1155,Textiles,11,8964987,2015
"Wadding, felt, nonwovens, twin, ropes, & articles thereof",1156,Textiles,11,3859461,2015
Carpets & textile floor covers,1157,Textiles,11,233314,2015
Special woven fabrics and tapestries,1158,Textiles,11,492463,2015
"Coated, covered, & laminated fabrics for industrial use",1159,Textiles,11,498774,2015
Knitted fabrics,1160,Textiles,11,643685,2015
Knitted clothing accesories,1161,Textiles,11,127868636,2015
Non-knitted clothing accesories,1162,Textiles,11,221776817,2015
Used clothes & textile articles,1163,Textiles,11,51997337,2015
Footwear,1264,Footwear and Headwear,12,38973013,2015
Headgear,1265,Footwear and Headwear,12,687945,2015
"Umbrellas, walking sticks, & whips",1266,Footwear and Headwear,12,307217,2015
"Feather articles, feathers, artificial flowers, & articles of human hair",1267,Footwear and Headwear,12,12799570,2015
"Stone, plaster, cement, asbestos, mica.",1368,Stone And Glass,13,3615736,2015
Ceramic products,1369,Stone And Glass,13,4664443,2015
Glass & glassware,1370,Stone And Glass,13,14836512,2015
"Precious stones, metals, & pearls",1471,Precious Metals,14,31325260,2015
Iron & steel,1572,Metals,15,112450365,2015
Iron or steel articles,1573,Metals,15,63508599,2015
Copper articles,1574,Metals,15,28705828,2015
Nickel articles,1575,Metals,15,17858,2015
Aluminum articles,1576,Metals,15,39285061,2015
Lead articles,1578,Metals,15,1391584,2015
Zinc articles,1579,Metals,15,2410839,2015
Tin articles,1580,Metals,15,196102,2015
Cermet articles,1581,Metals,15,30617,2015
Tools & cutlery,1582,Metals,15,5038540,2015
Miscellaneous metal products,1583,Metals,15,21262139,2015
"Machinery, mechanical appliances, & parts",1684,Machines,16,97081888,2015
Electrical machinery and electronics,1685,Machines,16,100216851,2015
Railway and trams,1786,Transportation,17,1113006,2015
"Cars, tractors, trucks & parts thereof.",1787,Transportation,17,73339025,2015
Aircraft and spacecraft,1788,Transportation,17,27220254,2015
"Ships, boats, & floating structures",1789,Transportation,17,4715629,2015
"Optical, photo, & film equipment; medical instruments",1890,Instruments,18,27135194,2015
"Clocks, watches, & parts",1891,Instruments,18,474994,2015
Musical instruments,1892,Instruments,18,446161,2015
Weapons,1993,Weapons,19,583460,2015
"Furniture, bedding, lamps, & prefab buildings",2094,Miscellaneous,20,34308830,2015
"Toys, games, & sports",2095,Miscellaneous,20,15374093,2015
Misc. manufactures,2096,Miscellaneous,20,16566268,2015
Art & antiques,2197,Arts and Antiques,21,1421631,2015
Live animals,101,Animal Products,1,5375682,2016
Meat & edible offal,102,Animal Products,1,36200642,2016
"Fish, crustaceans, & molluscs",103,Animal Products,1,53167373,2016
"Edible products of animal origin, n.e.s.",104,Animal Products,1,4803210,2016
"Animal originated products, n.e.s.",105,Animal Products,1,2228999,2016
"Live trees, plants, bulbs, cut flowers, & ornamental foliage",206,Vegetable Products,2,584720997,2016
"Edible vegetables, roots, & tubers",207,Vegetable Products,2,243019569,2016
"Edible fruits, nuts & fruit peels",208,Vegetable Products,2,162981700,2016
"Coffee, tea, mate & spices",209,Vegetable Products,2,1508759659,2016
Cereals,210,Vegetable Products,2,29740140,2016
Products of the milling industry,211,Vegetable Products,2,4180788,2016
"Oils seeds, oleaginous fruits, grains, straw & fodder",212,Vegetable Products,2,30552387,2016
"Natural gums, resins & other vegetable extracts",213,Vegetable Products,2,7009459,2016
"Vegetable plaiting materials & products, n.e.s.",214,Vegetable Products,2,45108263,2016
"Animal or vegetable fats, oils, & waxes",315,Animal and Vegetable Bi-Products,3,112575979,2016
"Preparations of fish, crustacenas, & molluscs",416,Foodstuffs,4,3822774,2016
Sugars & confectioneries,417,Foodstuffs,4,50233251,2016
Cocoa & cocoa preparations,418,Foodstuffs,4,2691582,2016
"Preparations of cereals, flour, starch or milk",419,Foodstuffs,4,27851656,2016
"Preparations of vegetables, fruit, nuts or other plant parts",420,Foodstuffs,4,126995518,2016
Miscellaneous edible preparations,421,Foodstuffs,4,68356036,2016
"Beverages, spirits, & vinegar",422,Foodstuffs,4,64815928,2016
Food residues & wastes; animal fodder,423,Foodstuffs,4,10527008,2016
Tobacco & substitutes,424,Foodstuffs,4,159504596,2016
"Salt, sulphur, cement, lime, stone, & plaster",525,Mineral Products,5,109476615,2016
"Ores, slag and ash",526,Mineral Products,5,144315341,2016
"Mineral fuels, mineral oils and products of their distillation",527,Mineral Products,5,404177351,2016
Inorganic chemicals,628,Chemical Products,6,75224780,2016
Organic chemicals,629,Chemical Products,6,7559364,2016
Pharmaceutical products,630,Chemical Products,6,140061169,2016
Fertilizers,631,Chemical Products,6,27749402,2016
"Paints, dyes, & varnishes",632,Chemical Products,6,22638198,2016
Perfumery & cosmetics,633,Chemical Products,6,17925196,2016
"Soap, cleaners, candles, dental, modelling pastes",634,Chemical Products,6,77172035,2016
"Glues, starches, & albuminoid products",635,Chemical Products,6,4951926,2016
"Explosives, matches, & fireworks",636,Chemical Products,6,1402736,2016
Photo & movie goods,637,Chemical Products,6,323231,2016
Chemical products n.e.s.,638,Chemical Products,6,35861291,2016
Plastics & articles thereof,739,Plastics and Rubbers,7,142547615,2016
Rubber & articles thereof,740,Plastics and Rubbers,7,11855577,2016
Raw hides & skin (non-fur),841,Animal Hides,8,70861587,2016
Leather articles,842,Animal Hides,8,2812524,2016
"Furskins, articifial fur, & articles",843,Animal Hides,8,156745,2016
"Wood, wood articles, & charcoal",944,Wood Products,9,6548061,2016
Cork & cork articles,945,Wood Products,9,20151,2016
Straw & esparto manufactures,946,Wood Products,9,1650145,2016
Wood pulp & paper scrap,1047,Paper Goods,10,2154456,2016
Paper articles,1048,Paper Goods,10,69651068,2016
"Books, newspapers, & other prints",1049,Paper Goods,10,52382060,2016
Silk,1150,Textiles,11,14697,2016
Wool & animal hair,1151,Textiles,11,5617729,2016
Cotton,1152,Textiles,11,3091554,2016
"Vegetable textile fibers, paper yarn & fabrics",1153,Textiles,11,50987578,2016
Man-made filaments,1154,Textiles,11,639916,2016
Man-made staple fibres,1155,Textiles,11,9148814,2016
"Wadding, felt, nonwovens, twin, ropes, & articles thereof",1156,Textiles,11,5783284,2016
Carpets & textile floor covers,1157,Textiles,11,328496,2016
Special woven fabrics and tapestries,1158,Textiles,11,755702,2016
"Coated, covered, & laminated fabrics for industrial use",1159,Textiles,11,499280,2016
Knitted fabrics,1160,Textiles,11,1269887,2016
Knitted clothing accesories,1161,Textiles,11,122459640,2016
Non-knitted clothing accesories,1162,Textiles,11,219711843,2016
Used clothes & textile articles,1163,Textiles,11,36477003,2016
Footwear,1264,Footwear and Headwear,12,35430555,2016
Headgear,1265,Footwear and Headwear,12,443655,2016
"Umbrellas, walking sticks, & whips",1266,Footwear and Headwear,12,136239,2016
"Feather articles, feathers, artificial flowers, & articles of human hair",1267,Footwear and Headwear,12,9425803,2016
"Stone, plaster, cement, asbestos, mica.",1368,Stone And Glass,13,2745712,2016
Ceramic products,1369,Stone And Glass,13,3901939,2016
Glass & glassware,1370,Stone And Glass,13,10414877,2016
"Precious stones, metals, & pearls",1471,Precious Metals,14,23222474,2016
Iron & steel,1572,Metals,15,117552424,2016
Iron or steel articles,1573,Metals,15,55883043,2016
Copper articles,1574,Metals,15,29288641,2016
Nickel articles,1575,Metals,15,50511,2016
Aluminum articles,1576,Metals,15,32755840,2016
Lead articles,1578,Metals,15,793958,2016
Zinc articles,1579,Metals,15,2684191,2016
Tin articles,1580,Metals,15,198852,2016
Cermet articles,1581,Metals,15,94566,2016
Tools & cutlery,1582,Metals,15,3251905,2016
Miscellaneous metal products,1583,Metals,15,18801675,2016
"Machinery, mechanical appliances, & parts",1684,Machines,16,107332865,2016
Electrical machinery and electronics,1685,Machines,16,142708005,2016
Railway and trams,1786,Transportation,17,1176261,2016
"Cars, tractors, trucks & parts thereof.",1787,Transportation,17,144044754,2016
Aircraft and spacecraft,1788,Transportation,17,2184116,2016
"Ships, boats, & floating structures",1789,Transportation,17,1178947,2016
"Optical, photo, & film equipment; medical instruments",1890,Instruments,18,19665096,2016
"Clocks, watches, & parts",1891,Instruments,18,557059,2016
Musical instruments,1892,Instruments,18,151556,2016
Weapons,1993,Weapons,19,129833,2016
"Furniture, bedding, lamps, & prefab buildings",2094,Miscellaneous,20,33084311,2016
"Toys, games, & sports",2095,Miscellaneous,20,12857283,2016
Misc. manufactures,2096,Miscellaneous,20,17003885,2016
Art & antiques,2197,Arts and Antiques,21,1127653,2016
Live animals,101,Animal Products,1,6494606,2017
Meat & edible offal,102,Animal Products,1,52472582,2017
"Fish, crustaceans, & molluscs",103,Animal Products,1,48914519,2017
"Edible products of animal origin, n.e.s.",104,Animal Products,1,3193526,2017
"Animal originated products, n.e.s.",105,Animal Products,1,4315290,2017
"Live trees, plants, bulbs, cut flowers, & ornamental foliage",206,Vegetable Products,2,625374846,2017
"Edible vegetables, roots, & tubers",207,Vegetable Products,2,191049997,2017
"Edible fruits, nuts & fruit peels",208,Vegetable Products,2,193692453,2017
"Coffee, tea, mate & spices",209,Vegetable Products,2,1744422562,2017
Cereals,210,Vegetable Products,2,33066196,2017
Products of the milling industry,211,Vegetable Products,2,3829489,2017
"Oils seeds, oleaginous fruits, grains, straw & fodder",212,Vegetable Products,2,32852214,2017
"Natural gums, resins & other vegetable extracts",213,Vegetable Products,2,9703682,2017
"Vegetable plaiting materials & products, n.e.s.",214,Vegetable Products,2,48396590,2017
"Animal or vegetable fats, oils, & waxes",315,Animal and Vegetable Bi-Products,3,99775544,2017
"Preparations of fish, crustacenas, & molluscs",416,Foodstuffs,4,8708149,2017
Sugars & confectioneries,417,Foodstuffs,4,53163416,2017
Cocoa & cocoa preparations,418,Foodstuffs,4,5179681,2017
"Preparations of cereals, flour, starch or milk",419,Foodstuffs,4,52210732,2017
"Preparations of vegetables, fruit, nuts or other plant parts",420,Foodstuffs,4,119013263,2017
Miscellaneous edible preparations,421,Foodstuffs,4,77149050,2017
"Beverages, spirits, & vinegar",422,Foodstuffs,4,48002804,2017
Food residues & wastes; animal fodder,423,Foodstuffs,4,11609462,2017
Tobacco & substitutes,424,Foodstuffs,4,148191500,2017
"Salt, sulphur, cement, lime, stone, & plaster",525,Mineral Products,5,91130961,2017
"Ores, slag and ash",526,Mineral Products,5,182874646,2017
"Mineral fuels, mineral oils and products of their distillation",527,Mineral Products,5,340121205,2017
Inorganic chemicals,628,Chemical Products,6,89942811,2017
Organic chemicals,629,Chemical Products,6,7216918,2017
Pharmaceutical products,630,Chemical Products,6,124586247,2017
Fertilizers,631,Chemical Products,6,23641705,2017
"Paints, dyes, & varnishes",632,Chemical Products,6,25821710,2017
Perfumery & cosmetics,633,Chemical Products,6,19739844,2017
"Soap, cleaners, candles, dental, modelling pastes",634,Chemical Products,6,82438078,2017
"Glues, starches, & albuminoid products",635,Chemical Products,6,7054796,2017
"Explosives, matches, & fireworks",636,Chemical Products,6,1344047,2017
Photo & movie goods,637,Chemical Products,6,311846,2017
Chemical products n.e.s.,638,Chemical Products,6,30408605,2017
Plastics & articles thereof,739,Plastics and Rubbers,7,132348520,2017
Rubber & articles thereof,740,Plastics and Rubbers,7,7771685,2017
Raw hides & skin (non-fur),841,Animal Hides,8,102031454,2017
Leather articles,842,Animal Hides,8,2591948,2017
"Furskins, articifial fur, & articles",843,Animal Hides,8,6385,2017
"Wood, wood articles, & charcoal",944,Wood Products,9,4976463,2017
Cork & cork articles,945,Wood Products,9,11549,2017
Straw & esparto manufactures,946,Wood Products,9,2184874,2017
Wood pulp & paper scrap,1047,Paper Goods,10,1415043,2017
Paper articles,1048,Paper Goods,10,68686894,2017
"Books, newspapers, & other prints",1049,Paper Goods,10,52585472,2017
Silk,1150,Textiles,11,30950,2017
Wool & animal hair,1151,Textiles,11,6003305,2017
Cotton,1152,Textiles,11,2660701,2017
"Vegetable textile fibers, paper yarn & fabrics",1153,Textiles,11,39175479,2017
Man-made filaments,1154,Textiles,11,457028,2017
Man-made staple fibres,1155,Textiles,11,9747982,2017
"Wadding, felt, nonwovens, twin, ropes, & articles thereof",1156,Textiles,11,4809002,2017
Carpets & textile floor covers,1157,Textiles,11,2019383,2017
Special woven fabrics and tapestries,1158,Textiles,11,376464,2017
"Coated, covered, & laminated fabrics for industrial use",1159,Textiles,11,371825,2017
Knitted fabrics,1160,Textiles,11,724449,2017
Knitted clothing accesories,1161,Textiles,11,137971964,2017
Non-knitted clothing accesories,1162,Textiles,11,206574298,2017
Used clothes & textile articles,1163,Textiles,11,27259086,2017
Footwear,1264,Footwear and Headwear,12,32469949,2017
Headgear,1265,Footwear and Headwear,12,413154,2017
"Umbrellas, walking sticks, & whips",1266,Footwear and Headwear,12,755689,2017
"Feather articles, feathers, artificial flowers, & articles of human hair",1267,Footwear and Headwear,12,9730149,2017
"Stone, plaster, cement, asbestos, mica.",1368,Stone And Glass,13,3208162,2017
Ceramic products,1369,Stone And Glass,13,6231759,2017
Glass & glassware,1370,Stone And Glass,13,12116566,2017
"Precious stones, metals, & pearls",1471,Precious Metals,14,33257811,2017
Iron & steel,1572,Metals,15,109565735,2017
Iron or steel articles,1573,Metals,15,46210539,2017
Copper articles,1574,Metals,15,48372843,2017
Nickel articles,1575,Metals,15,161019,2017
Aluminum articles,1576,Metals,15,27904704,2017
Lead articles,1578,Metals,15,1112997,2017
Zinc articles,1579,Metals,15,4236545,2017
Tin articles,1580,Metals,15,257731,2017
Cermet articles,1581,Metals,15,81758,2017
Tools & cutlery,1582,Metals,15,3839902,2017
Miscellaneous metal products,1583,Metals,15,21139710,2017
"Machinery, mechanical appliances, & parts",1684,Machines,16,77398263,2017
Electrical machinery and electronics,1685,Machines,16,70434394,2017
Railway and trams,1786,Transportation,17,1240493,2017
"Cars, tractors, trucks & parts thereof.",1787,Transportation,17,57262605,2017
Aircraft and spacecraft,1788,Transportation,17,13234075,2017
"Ships, boats, & floating structures",1789,Transportation,17,5983092,2017
"Optical, photo, & film equipment; medical instruments",1890,Instruments,18,17204779,2017
"Clocks, watches, & parts",1891,Instruments,18,405742,2017
Musical instruments,1892,Instruments,18,97878,2017
Weapons,1993,Weapons,19,194153,2017
"Furniture, bedding, lamps, & prefab buildings",2094,Miscellaneous,20,28632112,2017
"Toys, games, & sports",2095,Miscellaneous,20,12639589,2017
Misc. manufactures,2096,Miscellaneous,20,17949719,2017
Art & antiques,2197,Arts and Antiques,21,1589063,2017
Live animals,101,Animal Products,1,8301362,2018
Meat & edible offal,102,Animal Products,1,55376164,2018
"Fish, crustaceans, & molluscs",103,Animal Products,1,70858661,2018
"Edible products of animal origin, n.e.s.",104,Animal Products,1,13980671,2018
"Animal originated products, n.e.s.",105,Animal Products,1,3181949,2018
"Live trees, plants, bulbs, cut flowers, & ornamental foliage",206,Vegetable Products,2,651190503,2018
"Edible vegetables, roots, & tubers",207,Vegetable Products,2,220811646,2018
"Edible fruits, nuts & fruit peels",208,Vegetable Products,2,247001097,2018
"Coffee, tea, mate & spices",209,Vegetable Products,2,1724744443,2018
Cereals,210,Vegetable Products,2,32441533,2018
Products of the milling industry,211,Vegetable Products,2,2902667,2018
"Oils seeds, oleaginous fruits, grains, straw & fodder",212,Vegetable Products,2,51920044,2018
"Natural gums, resins & other vegetable extracts",213,Vegetable Products,2,10318841,2018
"Vegetable plaiting materials & products, n.e.s.",214,Vegetable Products,2,16090167,2018
"Animal or vegetable fats, oils, & waxes",315,Animal and Vegetable Bi-Products,3,123363162,2018
"Preparations of fish, crustacenas, & molluscs",416,Foodstuffs,4,13727536,2018
Sugars & confectioneries,417,Foodstuffs,4,52085055,2018
Cocoa & cocoa preparations,418,Foodstuffs,4,5992121,2018
"Preparations of cereals, flour, starch or milk",419,Foodstuffs,4,30778610,2018
"Preparations of vegetables, fruit, nuts or other plant parts",420,Foodstuffs,4,115151918,2018
Miscellaneous edible preparations,421,Foodstuffs,4,94622835,2018
"Beverages, spirits, & vinegar",422,Foodstuffs,4,49133057,2018
Food residues & wastes; animal fodder,423,Foodstuffs,4,22368253,2018
Tobacco & substitutes,424,Foodstuffs,4,156134159,2018
"Salt, sulphur, cement, lime, stone, & plaster",525,Mineral Products,5,79813190,2018
"Ores, slag and ash",526,Mineral Products,5,217047084,2018
"Mineral fuels, mineral oils and products of their distillation",527,Mineral Products,5,366824839,2018
Inorganic chemicals,628,Chemical Products,6,87885154,2018
Organic chemicals,629,Chemical Products,6,6196888,2018
Pharmaceutical products,630,Chemical Products,6,142268557,2018
Fertilizers,631,Chemical Products,6,34236366,2018
"Paints, dyes, & varnishes",632,Chemical Products,6,31843649,2018
Perfumery & cosmetics,633,Chemical Products,6,27012384,2018
"Soap, cleaners, candles, dental, modelling pastes",634,Chemical Products,6,98167376,2018
"Glues, starches, & albuminoid products",635,Chemical Products,6,7096109,2018
"Explosives, matches, & fireworks",636,Chemical Products,6,3509669,2018
Photo & movie goods,637,Chemical Products,6,210525,2018
Chemical products n.e.s.,638,Chemical Products,6,39290664,2018
Plastics & articles thereof,739,Plastics and Rubbers,7,122227087,2018
Rubber & articles thereof,740,Plastics and Rubbers,7,6721505,2018
Raw hides & skin (non-fur),841,Animal Hides,8,87803716,2018
Leather articles,842,Animal Hides,8,2583189,2018
"Furskins, articifial fur, & articles",843,Animal Hides,8,3667,2018
"Wood, wood articles, & charcoal",944,Wood Products,9,15245198,2018
Cork & cork articles,945,Wood Products,9,23589,2018
Straw & esparto manufactures,946,Wood Products,9,2446552,2018
Wood pulp & paper scrap,1047,Paper Goods,10,1047333,2018
Paper articles,1048,Paper Goods,10,82028531,2018
"Books, newspapers, & other prints",1049,Paper Goods,10,70188722,2018
Silk,1150,Textiles,11,6346,2018
Wool & animal hair,1151,Textiles,11,5694164,2018
Cotton,1152,Textiles,11,2931123,2018
"Vegetable textile fibers, paper yarn & fabrics",1153,Textiles,11,43183848,2018
Man-made filaments,1154,Textiles,11,768992,2018
Man-made staple fibres,1155,Textiles,11,11120820,2018
"Wadding, felt, nonwovens, twin, ropes, & articles thereof",1156,Textiles,11,3631222,2018
Carpets & textile floor covers,1157,Textiles,11,261199,2018
Special woven fabrics and tapestries,1158,Textiles,11,413351,2018
"Coated, covered, & laminated fabrics for industrial use",1159,Textiles,11,376798,2018
Knitted fabrics,1160,Textiles,11,499696,2018
Knitted clothing accesories,1161,Textiles,11,168557930,2018
Non-knitted clothing accesories,1162,Textiles,11,259489837,2018
Used clothes & textile articles,1163,Textiles,11,28398178,2018
Footwear,1264,Footwear and Headwear,12,35131070,2018
Headgear,1265,Footwear and Headwear,12,295464,2018
"Umbrellas, walking sticks, & whips",1266,Footwear and Headwear,12,241686,2018
"Feather articles, feathers, artificial flowers, & articles of human hair",1267,Footwear and Headwear,12,7446013,2018
"Stone, plaster, cement, asbestos, mica.",1368,Stone And Glass,13,8929205,2018
Ceramic products,1369,Stone And Glass,13,7806884,2018
Glass & glassware,1370,Stone And Glass,13,12144334,2018
"Precious stones, metals, & pearls",1471,Precious Metals,14,90027435,2018
Iron & steel,1572,Metals,15,115900290,2018
Iron or steel articles,1573,Metals,15,46097998,2018
Copper articles,1574,Metals,15,46601049,2018
Nickel articles,1575,Metals,15,85951,2018
Aluminum articles,1576,Metals,15,19105733,2018
Lead articles,1578,Metals,15,1362176,2018
Zinc articles,1579,Metals,15,4538815,2018
Tin articles,1580,Metals,15,388489,2018
Cermet articles,1581,Metals,15,286838,2018
Tools & cutlery,1582,Metals,15,4234669,2018
Miscellaneous metal products,1583,Metals,15,21192207,2018
"Machinery, mechanical appliances, & parts",1684,Machines,16,159350393,2018
Electrical machinery and electronics,1685,Machines,16,88764314,2018
Railway and trams,1786,Transportation,17,4712641,2018
"Cars, tractors, trucks & parts thereof.",1787,Transportation,17,87130165,2018
Aircraft and spacecraft,1788,Transportation,17,5123690,2018
"Ships, boats, & floating structures",1789,Transportation,17,1697906,2018
"Optical, photo, & film equipment; medical instruments",1890,Instruments,18,25555531,2018
"Clocks, watches, & parts",1891,Instruments,18,377951,2018
Musical instruments,1892,Instruments,18,107242,2018
Weapons,1993,Weapons,19,13026,2018
"Furniture, bedding, lamps, & prefab buildings",2094,Miscellaneous,20,26563259,2018
"Toys, games, & sports",2095,Miscellaneous,20,14293065,2018
Misc. manufactures,2096,Miscellaneous,20,14592388,2018
Art & antiques,2197,Arts and Antiques,21,2298086,2018
Live animals,101,Animal Products,1,10907238,2019
Meat & edible offal,102,Animal Products,1,74069996,2019
"Fish, crustaceans, & molluscs",103,Animal Products,1,46954049,2019
"Edible products of animal origin, n.e.s.",104,Animal Products,1,2358204,2019
"Animal originated products, n.e.s.",105,Animal Products,1,3405694,2019
"Live trees, plants, bulbs, cut flowers, & ornamental foliage",206,Vegetable Products,2,671363314,2019
"Edible vegetables, roots, & tubers",207,Vegetable Products,2,191099211,2019
"Edible fruits, nuts & fruit peels",208,Vegetable Products,2,217437533,2019
"Coffee, tea, mate & spices",209,Vegetable Products,2,1419453743,2019
Cereals,210,Vegetable Products,2,30357823,2019
Products of the milling industry,211,Vegetable Products,2,3336953,2019
"Oils seeds, oleaginous fruits, grains, straw & fodder",212,Vegetable Products,2,58935228,2019
"Natural gums, resins & other vegetable extracts",213,Vegetable Products,2,20416028,2019
"Vegetable plaiting materials & products, n.e.s.",214,Vegetable Products,2,13078359,2019
"Animal or vegetable fats, oils, & waxes",315,Animal and Vegetable Bi-Products,3,143327208,2019
"Preparations of fish, crustacenas, & molluscs",416,Foodstuffs,4,10187895,2019
Sugars & confectioneries,417,Foodstuffs,4,48696039,2019
Cocoa & cocoa preparations,418,Foodstuffs,4,16095458,2019
"Preparations of cereals, flour, starch or milk",419,Foodstuffs,4,18964230,2019
"Preparations of vegetables, fruit, nuts or other plant parts",420,Foodstuffs,4,125999115,2019
Miscellaneous edible preparations,421,Foodstuffs,4,96463479,2019
"Beverages, spirits, & vinegar",422,Foodstuffs,4,34698159,2019
Food residues & wastes; animal fodder,423,Foodstuffs,4,24728535,2019
Tobacco & substitutes,424,Foodstuffs,4,142681171,2019
"Salt, sulphur, cement, lime, stone, & plaster",525,Mineral Products,5,67103729,2019
"Ores, slag and ash",526,Mineral Products,5,250472702,2019
"Mineral fuels, mineral oils and products of their distillation",527,Mineral Products,5,424008021,2019
Inorganic chemicals,628,Chemical Products,6,82072128,2019
Organic chemicals,629,Chemical Products,6,6239975,2019
Pharmaceutical products,630,Chemical Products,6,124910706,2019
Fertilizers,631,Chemical Products,6,24040403,2019
"Paints, dyes, & varnishes",632,Chemical Products,6,28051293,2019
Perfumery & cosmetics,633,Chemical Products,6,34217525,2019
"Soap, cleaners, candles, dental, modelling pastes",634,Chemical Products,6,104702686,2019
"Glues, starches, & albuminoid products",635,Chemical Products,6,7279617,2019
"Explosives, matches, & fireworks",636,Chemical Products,6,5732153,2019
Photo & movie goods,637,Chemical Products,6,161427,2019
Chemical products n.e.s.,638,Chemical Products,6,37580456,2019
Plastics & articles thereof,739,Plastics and Rubbers,7,115381423,2019
Rubber & articles thereof,740,Plastics and Rubbers,7,6265851,2019
Raw hides & skin (non-fur),841,Animal Hides,8,37916997,2019
Leather articles,842,Animal Hides,8,3856909,2019
"Furskins, articifial fur, & articles",843,Animal Hides,8,12531,2019
"Wood, wood articles, & charcoal",944,Wood Products,9,12632782,2019
Cork & cork articles,945,Wood Products,9,16743,2019
Straw & esparto manufactures,946,Wood Products,9,1955830,2019
Wood pulp & paper scrap,1047,Paper Goods,10,566118,2019
Paper articles,1048,Paper Goods,10,80646158,2019
"Books, newspapers, & other prints",1049,Paper Goods,10,33659775,2019
Silk,1150,Textiles,11,162120,2019
Wool & animal hair,1151,Textiles,11,3696814,2019
Cotton,1152,Textiles,11,7655777,2019
"Vegetable textile fibers, paper yarn & fabrics",1153,Textiles,11,40898037,2019
Man-made filaments,1154,Textiles,11,572532,2019
Man-made staple fibres,1155,Textiles,11,10607829,2019
"Wadding, felt, nonwovens, twin, ropes, & articles thereof",1156,Textiles,11,5999447,2019
Carpets & textile floor covers,1157,Textiles,11,329064,2019
Special woven fabrics and tapestries,1158,Textiles,11,404993,2019
"Coated, covered, & laminated fabrics for industrial use",1159,Textiles,11,563718,2019
Knitted fabrics,1160,Textiles,11,574546,2019
Knitted clothing accesories,1161,Textiles,11,127193243,2019
Non-knitted clothing accesories,1162,Textiles,11,245427032,2019
Used clothes & textile articles,1163,Textiles,11,29138247,2019
Footwear,1264,Footwear and Headwear,12,38646801,2019
Headgear,1265,Footwear and Headwear,12,348621,2019
"Umbrellas, walking sticks, & whips",1266,Footwear and Headwear,12,143766,2019
"Feather articles, feathers, artificial flowers, & articles of human hair",1267,Footwear and Headwear,12,12609959,2019
"Stone, plaster, cement, asbestos, mica.",1368,Stone And Glass,13,7230587,2019
Ceramic products,1369,Stone And Glass,13,7096649,2019
Glass & glassware,1370,Stone And Glass,13,14638738,2019
"Precious stones, metals, & pearls",1471,Precious Metals,14,364599114,2019
Iron & steel,1572,Metals,15,142830828,2019
Iron or steel articles,1573,Metals,15,47398713,2019
Copper articles,1574,Metals,15,36195895,2019
Nickel articles,1575,Metals,15,26287,2019
Aluminum articles,1576,Metals,15,20020152,2019
Lead articles,1578,Metals,15,2199097,2019
Zinc articles,1579,Metals,15,2264241,2019
Tin articles,1580,Metals,15,420054,2019
Cermet articles,1581,Metals,15,214945,2019
Tools & cutlery,1582,Metals,15,4572622,2019
Miscellaneous metal products,1583,Metals,15,22245027,2019
"Machinery, mechanical appliances, & parts",1684,Machines,16,168734184,2019
Electrical machinery and electronics,1685,Machines,16,79658441,2019
Railway and trams,1786,Transportation,17,3122691,2019
"Cars, tractors, trucks & parts thereof.",1787,Transportation,17,88519360,2019
Aircraft and spacecraft,1788,Transportation,17,12882975,2019
"Ships, boats, & floating structures",1789,Transportation,17,9509186,2019
"Optical, photo, & film equipment; medical instruments",1890,Instruments,18,24284335,2019
"Clocks, watches, & parts",1891,Instruments,18,313764,2019
Musical instruments,1892,Instruments,18,188772,2019
Weapons,1993,Weapons,19,26846,2019
"Furniture, bedding, lamps, & prefab buildings",2094,Miscellaneous,20,20958627,2019
"Toys, games, & sports",2095,Miscellaneous,20,14712601,2019
Misc. manufactures,2096,Miscellaneous,20,20746511,2019
Art & antiques,2197,Arts and Antiques,21,1205974,2019
Live animals,101,Animal Products,1,7768599,2020
Meat & edible offal,102,Animal Products,1,84716036,2020
"Fish, crustaceans, & molluscs",103,Animal Products,1,32326784,2020
"Edible products of animal origin, n.e.s.",104,Animal Products,1,2121585,2020
"Animal originated products, n.e.s.",105,Animal Products,1,2531023,2020
"Live trees, plants, bulbs, cut flowers, & ornamental foliage",206,Vegetable Products,2,661806035,2020
"Edible vegetables, roots, & tubers",207,Vegetable Products,2,255910266,2020
"Edible fruits, nuts & fruit peels",208,Vegetable Products,2,265679291,2020
"Coffee, tea, mate & spices",209,Vegetable Products,2,1457919418,2020
Cereals,210,Vegetable Products,2,42492905,2020
Products of the milling industry,211,Vegetable Products,2,3679194,2020
"Oils seeds, oleaginous fruits, grains, straw & fodder",212,Vegetable Products,2,67424619,2020
"Natural gums, resins & other vegetable extracts",213,Vegetable Products,2,22441043,2020
"Vegetable plaiting materials & products, n.e.s.",214,Vegetable Products,2,1414138,2020
"Animal or vegetable fats, oils, & waxes",315,Animal and Vegetable Bi-Products,3,196689174,2020
"Preparations of fish, crustacenas, & molluscs",416,Foodstuffs,4,8659711,2020
Sugars & confectioneries,417,Foodstuffs,4,56261268,2020
Cocoa & cocoa preparations,418,Foodstuffs,4,18234630,2020
"Preparations of cereals, flour, starch or milk",419,Foodstuffs,4,36332056,2020
"Preparations of vegetables, fruit, nuts or other plant parts",420,Foodstuffs,4,145495933,2020
Miscellaneous edible preparations,421,Foodstuffs,4,116690303,2020
"Beverages, spirits, & vinegar",422,Foodstuffs,4,31168073,2020
Food residues & wastes; animal fodder,423,Foodstuffs,4,27539826,2020
Tobacco & substitutes,424,Foodstuffs,4,154618946,2020
"Salt, sulphur, cement, lime, stone, & plaster",525,Mineral Products,5,86262705,2020
"Ores, slag and ash",526,Mineral Products,5,277501786,2020
"Mineral fuels, mineral oils and products of their distillation",527,Mineral Products,5,315810192,2020
Inorganic chemicals,628,Chemical Products,6,72389759,2020
Organic chemicals,629,Chemical Products,6,8500996,2020
Pharmaceutical products,630,Chemical Products,6,131586048,2020
Fertilizers,631,Chemical Products,6,25016326,2020
"Paints, dyes, & varnishes",632,Chemical Products,6,25873456,2020
Perfumery & cosmetics,633,Chemical Products,6,37025429,2020
"Soap, cleaners, candles, dental, modelling pastes",634,Chemical Products,6,116228481,2020
"Glues, starches, & albuminoid products",635,Chemical Products,6,7075502,2020
"Explosives, matches, & fireworks",636,Chemical Products,6,7395697,2020
Photo & movie goods,637,Chemical Products,6,285192,2020
Chemical products n.e.s.,638,Chemical Products,6,48317261,2020
Plastics & articles thereof,739,Plastics and Rubbers,7,120319656,2020
Rubber & articles thereof,740,Plastics and Rubbers,7,5162315,2020
Raw hides & skin (non-fur),841,Animal Hides,8,24272893,2020
Leather articles,842,Animal Hides,8,2411355,2020
"Furskins, articifial fur, & articles",843,Animal Hides,8,17775,2020
"Wood, wood articles, & charcoal",944,Wood Products,9,12280846,2020
Cork & cork articles,945,Wood Products,9,134240,2020
Straw & esparto manufactures,946,Wood Products,9,3527981,2020
Wood pulp & paper scrap,1047,Paper Goods,10,456717,2020
Paper articles,1048,Paper Goods,10,78814935,2020
"Books, newspapers, & other prints",1049,Paper Goods,10,47390012,2020
Silk,1150,Textiles,11,388,2020
Wool & animal hair,1151,Textiles,11,1845729,2020
Cotton,1152,Textiles,11,2581541,2020
"Vegetable textile fibers, paper yarn & fabrics",1153,Textiles,11,48105573,2020
Man-made filaments,1154,Textiles,11,530126,2020
Man-made staple fibres,1155,Textiles,11,12057266,2020
"Wadding, felt, nonwovens, twin, ropes, & articles thereof",1156,Textiles,11,9175278,2020
Carpets & textile floor covers,1157,Textiles,11,255298,2020
Special woven fabrics and tapestries,1158,Textiles,11,354499,2020
"Coated, covered, & laminated fabrics for industrial use",1159,Textiles,11,297141,2020
Knitted fabrics,1160,Textiles,11,629483,2020
Knitted clothing accesories,1161,Textiles,11,124793540,2020
Non-knitted clothing accesories,1162,Textiles,11,223006227,2020
Used clothes & textile articles,1163,Textiles,11,30438201,2020
Footwear,1264,Footwear and Headwear,12,40440247,2020
Headgear,1265,Footwear and Headwear,12,435761,2020
"Umbrellas, walking sticks, & whips",1266,Footwear and Headwear,12,208700,2020
"Feather articles, feathers, artificial flowers, & articles of human hair",1267,Footwear and Headwear,12,10242208,2020
"Stone, plaster, cement, asbestos, mica.",1368,Stone And Glass,13,3537573,2020
Ceramic products,1369,Stone And Glass,13,10368250,2020
Glass & glassware,1370,Stone And Glass,13,14139901,2020
"Precious stones, metals, & pearls",1471,Precious Metals,14,434598276,2020
Iron & steel,1572,Metals,15,147054426,2020
Iron or steel articles,1573,Metals,15,46465600,2020
Copper articles,1574,Metals,15,38056904,2020
Nickel articles,1575,Metals,15,9812,2020
Aluminum articles,1576,Metals,15,21978866,2020
Lead articles,1578,Metals,15,1952112,2020
Zinc articles,1579,Metals,15,3574091,2020
Tin articles,1580,Metals,15,396540,2020
Cermet articles,1581,Metals,15,58068,2020
Tools & cutlery,1582,Metals,15,2622489,2020
Miscellaneous metal products,1583,Metals,15,15937934,2020
"Machinery, mechanical appliances, & parts",1684,Machines,16,89682624,2020
Electrical machinery and electronics,1685,Machines,16,69589200,2020
Railway and trams,1786,Transportation,17,3608578,2020
"Cars, tractors, trucks & parts thereof.",1787,Transportation,17,44791577,2020
Aircraft and spacecraft,1788,Transportation,17,6582352,2020
"Ships, boats, & floating structures",1789,Transportation,17,6697953,2020
"Optical, photo, & film equipment; medical instruments",1890,Instruments,18,23355236,2020
"Clocks, watches, & parts",1891,Instruments,18,221063,2020
Musical instruments,1892,Instruments,18,81300,2020
Weapons,1993,Weapons,19,373201,2020
"Furniture, bedding, lamps, & prefab buildings",2094,Miscellaneous,20,23793792,2020
"Toys, games, & sports",2095,Miscellaneous,20,20658222,2020
Misc. manufactures,2096,Miscellaneous,20,14287144,2020
Art & antiques,2197,Arts and Antiques,21,1060881,2020
Live animals,101,Animal Products,1,16565668,2021
Meat & edible offal,102,Animal Products,1,83265729,2021
"Fish, crustaceans, & molluscs",103,Animal Products,1,34992490,2021
"Edible products of animal origin, n.e.s.",104,Animal Products,1,4315575,2021
"Animal originated products, n.e.s.",105,Animal Products,1,1200030,2021
"Live trees, plants, bulbs, cut flowers, & ornamental foliage",206,Vegetable Products,2,854004461,2021
"Edible vegetables, roots, & tubers",207,Vegetable Products,2,310107502,2021
"Edible fruits, nuts & fruit peels",208,Vegetable Products,2,299502768,2021
"Coffee, tea, mate & spices",209,Vegetable Products,2,1495232427,2021
Cereals,210,Vegetable Products,2,36872982,2021
Products of the milling industry,211,Vegetable Products,2,7935147,2021
"Oils seeds, oleaginous fruits, grains, straw & fodder",212,Vegetable Products,2,83764119,2021
"Natural gums, resins & other vegetable extracts",213,Vegetable Products,2,18744312,2021
"Vegetable plaiting materials & products, n.e.s.",214,Vegetable Products,2,394569,2021
"Animal or vegetable fats, oils, & waxes",315,Animal and Vegetable Bi-Products,3,224783178,2021
"Preparations of fish, crustacenas, & molluscs",416,Foodstuffs,4,8191456,2021
Sugars & confectioneries,417,Foodstuffs,4,66445096,2021
Cocoa & cocoa preparations,418,Foodstuffs,4,13100614,2021
"Preparations of cereals, flour, starch or milk",419,Foodstuffs,4,30725413,2021
"Preparations of vegetables, fruit, nuts or other plant parts",420,Foodstuffs,4,120626086,2021
Miscellaneous edible preparations,421,Foodstuffs,4,134964276,2021
"Beverages, spirits, & vinegar",422,Foodstuffs,4,38654344,2021
Food residues & wastes; animal fodder,423,Foodstuffs,4,25103077,2021
Tobacco & substitutes,424,Foodstuffs,4,136696546,2021
"Salt, sulphur, cement, lime, stone, & plaster",525,Mineral Products,5,163560918,2021
"Ores, slag and ash",526,Mineral Products,5,294774327,2021
"Mineral fuels, mineral oils and products of their distillation",527,Mineral Products,5,256093902,2021
Inorganic chemicals,628,Chemical Products,6,83274359,2021
Organic chemicals,629,Chemical Products,6,9627808,2021
Pharmaceutical products,630,Chemical Products,6,142080386,2021
Fertilizers,631,Chemical Products,6,41411137,2021
"Paints, dyes, & varnishes",632,Chemical Products,6,29556665,2021
Perfumery & cosmetics,633,Chemical Products,6,41965928,2021
"Soap, cleaners, candles, dental, modelling pastes",634,Chemical Products,6,137835971,2021
"Glues, starches, & albuminoid products",635,Chemical Products,6,9706270,2021
"Explosives, matches, & fireworks",636,Chemical Products,6,11788241,2021
Photo & movie goods,637,Chemical Products,6,523141,2021
Chemical products n.e.s.,638,Chemical Products,6,47837115,2021
Plastics & articles thereof,739,Plastics and Rubbers,7,146252996,2021
Rubber & articles thereof,740,Plastics and Rubbers,7,4786442,2021
Raw hides & skin (non-fur),841,Animal Hides,8,22538007,2021
Leather articles,842,Animal Hides,8,3151773,2021
"Furskins, articifial fur, & articles",843,Animal Hides,8,27544,2021
"Wood, wood articles, & charcoal",944,Wood Products,9,13507043,2021
Cork & cork articles,945,Wood Products,9,46967,2021
Straw & esparto manufactures,946,Wood Products,9,5193712,2021
Wood pulp & paper scrap,1047,Paper Goods,10,1655127,2021
Paper articles,1048,Paper Goods,10,85777877,2021
"Books, newspapers, & other prints",1049,Paper Goods,10,47378916,2021
Silk,1150,Textiles,11,49365,2021
Wool & animal hair,1151,Textiles,11,3824193,2021
Cotton,1152,Textiles,11,3139318,2021
"Vegetable textile fibers, paper yarn & fabrics",1153,Textiles,11,53431780,2021
Man-made filaments,1154,Textiles,11,804514,2021
Man-made staple fibres,1155,Textiles,11,10645578,2021
"Wadding, felt, nonwovens, twin, ropes, & articles thereof",1156,Textiles,11,3678485,2021
Carpets & textile floor covers,1157,Textiles,11,379809,2021
Special woven fabrics and tapestries,1158,Textiles,11,311042,2021
"Coated, covered, & laminated fabrics for industrial use",1159,Textiles,11,441220,2021
Knitted fabrics,1160,Textiles,11,833066,2021
Knitted clothing accesories,1161,Textiles,11,170942197,2021
Non-knitted clothing accesories,1162,Textiles,11,247769221,2021
Used clothes & textile articles,1163,Textiles,11,29954493,2021
Footwear,1264,Footwear and Headwear,12,35849798,2021
Headgear,1265,Footwear and Headwear,12,553571,2021
"Umbrellas, walking sticks, & whips",1266,Footwear and Headwear,12,193493,2021
"Feather articles, feathers, artificial flowers, & articles of human hair",1267,Footwear and Headwear,12,20749936,2021
"Stone, plaster, cement, asbestos, mica.",1368,Stone And Glass,13,3695615,2021
Ceramic products,1369,Stone And Glass,13,13397123,2021
Glass & glassware,1370,Stone And Glass,13,15666837,2021
"Precious stones, metals, & pearls",1471,Precious Metals,14,176842656,2021
Iron & steel,1572,Metals,15,186684918,2021
Iron or steel articles,1573,Metals,15,64357803,2021
Copper articles,1574,Metals,15,59314667,2021
Nickel articles,1575,Metals,15,10657,2021
Aluminum articles,1576,Metals,15,28631083,2021
Lead articles,1578,Metals,15,2594416,2021
Zinc articles,1579,Metals,15,5093408,2021
Tin articles,1580,Metals,15,115460,2021
Cermet articles,1581,Metals,15,279100,2021
Tools & cutlery,1582,Metals,15,2927051,2021
Miscellaneous metal products,1583,Metals,15,16662252,2021
"Machinery, mechanical appliances, & parts",1684,Machines,16,151751225,2021
Electrical machinery and electronics,1685,Machines,16,91802856,2021
Railway and trams,1786,Transportation,17,745952,2021
"Cars, tractors, trucks & parts thereof.",1787,Transportation,17,81189817,2021
Aircraft and spacecraft,1788,Transportation,17,12592276,2021
"Ships, boats, & floating structures",1789,Transportation,17,11909630,2021
"Optical, photo, & film equipment; medical instruments",1890,Instruments,18,41865367,2021
"Clocks, watches, & parts",1891,Instruments,18,210702,2021
Musical instruments,1892,Instruments,18,157144,2021
Weapons,1993,Weapons,19,1203565,2021
"Furniture, bedding, lamps, & prefab buildings",2094,Miscellaneous,20,25873067,2021
"Toys, games, & sports",2095,Miscellaneous,20,28335301,2021
Misc. manufactures,2096,Miscellaneous,20,14755118,2021
Art & antiques,2197,Arts and Antiques,21,1359570,2021
Live animals,101,Animal Products,1,14778734,2022
Meat & edible offal,102,Animal Products,1,102517999,2022
"Fish, crustaceans, & molluscs",103,Animal Products,1,54327804,2022
"Edible products of animal origin, n.e.s.",104,Animal Products,1,4756757,2022
"Animal originated products, n.e.s.",105,Animal Products,1,1207668,2022
"Live trees, plants, bulbs, cut flowers, & ornamental foliage",206,Vegetable Products,2,728957596,2022
"Edible vegetables, roots, & tubers",207,Vegetable Products,2,215643444,2022
"Edible fruits, nuts & fruit peels",208,Vegetable Products,2,343283762,2022
"Coffee, tea, mate & spices",209,Vegetable Products,2,1750143095,2022
Cereals,210,Vegetable Products,2,6946961,2022
Products of the milling industry,211,Vegetable Products,2,9736395,2022
"Oils seeds, oleaginous fruits, grains, straw & fodder",212,Vegetable Products,2,74518423,2022
"Natural gums, resins & other vegetable extracts",213,Vegetable Products,2,16213404,2022
"Vegetable plaiting materials & products, n.e.s.",214,Vegetable Products,2,330068,2022
"Animal or vegetable fats, oils, & waxes",315,Animal and Vegetable Bi-Products,3,277133307,2022
"Preparations of fish, crustacenas, & molluscs",416,Foodstuffs,4,10950912,2022
Sugars & confectioneries,417,Foodstuffs,4,70974753,2022
Cocoa & cocoa preparations,418,Foodstuffs,4,20894271,2022
"Preparations of cereals, flour, starch or milk",419,Foodstuffs,4,20594330,2022
"Preparations of vegetables, fruit, nuts or other plant parts",420,Foodstuffs,4,107739254,2022
Miscellaneous edible preparations,421,Foodstuffs,4,114389943,2022
"Beverages, spirits, & vinegar",422,Foodstuffs,4,45910496,2022
Food residues & wastes; animal fodder,423,Foodstuffs,4,33553434,2022
Tobacco & substitutes,424,Foodstuffs,4,132895702,2022
"Salt, sulphur, cement, lime, stone, & plaster",525,Mineral Products,5,166626539,2022
"Ores, slag and ash",526,Mineral Products,5,402958452,2022
"Mineral fuels, mineral oils and products of their distillation",527,Mineral Products,5,92961334,2022
Inorganic chemicals,628,Chemical Products,6,129579735,2022
Organic chemicals,629,Chemical Products,6,10050266,2022
Pharmaceutical products,630,Chemical Products,6,105975486,2022
Fertilizers,631,Chemical Products,6,42805266,2022
"Paints, dyes, & varnishes",632,Chemical Products,6,29930291,2022
Perfumery & cosmetics,633,Chemical Products,6,42031776,2022
"Soap, cleaners, candles, dental, modelling pastes",634,Chemical Products,6,150052741,2022
"Glues, starches, & albuminoid products",635,Chemical Products,6,12658677,2022
"Explosives, matches, & fireworks",636,Chemical Products,6,9487544,2022
Photo & movie goods,637,Chemical Products,6,280718,2022
Chemical products n.e.s.,638,Chemical Products,6,33099745,2022
Plastics & articles thereof,739,Plastics and Rubbers,7,146920181,2022
Rubber & articles thereof,740,Plastics and Rubbers,7,5979734,2022
Raw hides & skin (non-fur),841,Animal Hides,8,33887608,2022
Leather articles,842,Animal Hides,8,4636037,2022
"Furskins, articifial fur, & articles",843,Animal Hides,8,31606,2022
"Wood, wood articles, & charcoal",944,Wood Products,9,15051774,2022
Cork & cork articles,945,Wood Products,9,27148,2022
Straw & esparto manufactures,946,Wood Products,9,3918181,2022
Wood pulp & paper scrap,1047,Paper Goods,10,1433284,2022
Paper articles,1048,Paper Goods,10,97234524,2022
"Books, newspapers, & other prints",1049,Paper Goods,10,46580769,2022
Silk,1150,Textiles,11,996692,2022
Wool & animal hair,1151,Textiles,11,3597396,2022
Cotton,1152,Textiles,11,2989479,2022
"Vegetable textile fibers, paper yarn & fabrics",1153,Textiles,11,81547353,2022
Man-made filaments,1154,Textiles,11,7271228,2022
Man-made staple fibres,1155,Textiles,11,8151408,2022
"Wadding, felt, nonwovens, twin, ropes, & articles thereof",1156,Textiles,11,3923115,2022
Carpets & textile floor covers,1157,Textiles,11,230377,2022
Special woven fabrics and tapestries,1158,Textiles,11,913242,2022
"Coated, covered, & laminated fabrics for industrial use",1159,Textiles,11,453658,2022
Knitted fabrics,1160,Textiles,11,1107709,2022
Knitted clothing accesories,1161,Textiles,11,215697201,2022
Non-knitted clothing accesories,1162,Textiles,11,254747299,2022
Used clothes & textile articles,1163,Textiles,11,24200918,2022
Footwear,1264,Footwear and Headwear,12,27823515,2022
Headgear,1265,Footwear and Headwear,12,1252964,2022
"Umbrellas, walking sticks, & whips",1266,Footwear and Headwear,12,232247,2022
"Feather articles, feathers, artificial flowers, & articles of human hair",1267,Footwear and Headwear,12,25791656,2022
"Stone, plaster, cement, asbestos, mica.",1368,Stone And Glass,13,5936177,2022
Ceramic products,1369,Stone And Glass,13,23133715,2022
Glass & glassware,1370,Stone And Glass,13,16645727,2022
"Precious stones, metals, & pearls",1471,Precious Metals,14,208027744,2022
Iron & steel,1572,Metals,15,186910053,2022
Iron or steel articles,1573,Metals,15,105542721,2022
Copper articles,1574,Metals,15,42218112,2022
Nickel articles,1575,Metals,15,35787,2022
Aluminum articles,1576,Metals,15,19719335,2022
Lead articles,1578,Metals,15,1788450,2022
Zinc articles,1579,Metals,15,5703464,2022
Tin articles,1580,Metals,15,1420996,2022
Cermet articles,1581,Metals,15,98936,2022
Tools & cutlery,1582,Metals,15,2789460,2022
Miscellaneous metal products,1583,Metals,15,29003177,2022
"Machinery, mechanical appliances, & parts",1684,Machines,16,47500366,2022
Electrical machinery and electronics,1685,Machines,16,94082254,2022
Railway and trams,1786,Transportation,17,669881,2022
"Cars, tractors, trucks & parts thereof.",1787,Transportation,17,42262573,2022
Aircraft and spacecraft,1788,Transportation,17,8750116,2022
"Ships, boats, & floating structures",1789,Transportation,17,1889213,2022
"Optical, photo, & film equipment; medical instruments",1890,Instruments,18,22910448,2022
"Clocks, watches, & parts",1891,Instruments,18,80376,2022
Musical instruments,1892,Instruments,18,437548,2022
Weapons,1993,Weapons,19,2127,2022
"Furniture, bedding, lamps, & prefab buildings",2094,Miscellaneous,20,23855887,2022
"Toys, games, & sports",2095,Miscellaneous,20,31707915,2022
Misc. manufactures,2096,Miscellaneous,20,13521901,2022
Art & antiques,2197,Arts and Antiques,21,1593024,2022
